review_text,sentiment
Amazing service and a great value for the price.,positive
"The product does what it says, no more no less.",neutral
"It's okay, nothing special about it.",neutral
Arrived damaged and customer support was unhelpful.,negative
"Average experience, not bad but not great either.",neutral
"Terrible quality, broke after one use.",negative
"Delivery was on time, but the product is just fine.",neutral
"It's okay, nothing special about it.",neutral
"Very poor performance, expected much better.",negative
"Delivery was on time, but the product is just fine.",neutral
"Very poor performance, expected much better.",negative
"Terrible quality, broke after one use.",negative
"It's okay, nothing special about it.",neutral
"It's okay, nothing special about it.",neutral
"Very poor performance, expected much better.",negative
Very satisfied with the quality and performance.,positive
"Terrible quality, broke after one use.",negative
Amazing service and a great value for the price.,positive
"Very poor performance, expected much better.",negative
"Average experience, not bad but not great either.",neutral
Fast shipping and product works perfectly!,positive
Very satisfied with the quality and performance.,positive
"Worst purchase ever, would not recommend.",negative
"Very poor performance, expected much better.",negative
Very satisfied with the quality and performance.,positive
Very satisfied with the quality and performance.,positive
"Neutral about this, could have been better.",neutral
"Terrible quality, broke after one use.",negative
"Excellent product, exceeded my expectations!",positive
"Average experience, not bad but not great either.",neutral
"Terrible quality, broke after one use.",negative
"Average experience, not bad but not great either.",neutral
"Completely disappointed, not worth the money.",negative
"The product does what it says, no more no less.",neutral
Very satisfied with the quality and performance.,positive
"Delivery was on time, but the product is just fine.",neutral
Highly recommend this product to everyone.,positive
"Completely disappointed, not worth the money.",negative
"It's okay, nothing special about it.",neutral
"It's okay, nothing special about it.",neutral
"Delivery was on time, but the product is just fine.",neutral
"Delivery was on time, but the product is just fine.",neutral
"Very poor performance, expected much better.",negative
Fast shipping and product works perfectly!,positive
Arrived damaged and customer support was unhelpful.,negative
"Neutral about this, could have been better.",neutral
Amazing service and a great value for the price.,positive
Very satisfied with the quality and performance.,positive
"Excellent product, exceeded my expectations!",positive
"Completely disappointed, not worth the money.",negative
"Excellent product, exceeded my expectations!",positive
"Excellent product, exceeded my expectations!",positive
"Terrible quality, broke after one use.",negative
Fast shipping and product works perfectly!,positive
"Average experience, not bad but not great either.",neutral
"Average experience, not bad but not great either.",neutral
"Completely disappointed, not worth the money.",negative
"Excellent product, exceeded my expectations!",positive
"Average experience, not bad but not great either.",neutral
"It's okay, nothing special about it.",neutral
"Average experience, not bad but not great either.",neutral
"Worst purchase ever, would not recommend.",negative
Very satisfied with the quality and performance.,positive
"Terrible quality, broke after one use.",negative
"Terrible quality, broke after one use.",negative
"Terrible quality, broke after one use.",negative
"Delivery was on time, but the product is just fine.",neutral
Fast shipping and product works perfectly!,positive
"Excellent product, exceeded my expectations!",positive
"Completely disappointed, not worth the money.",negative
"Terrible quality, broke after one use.",negative
Arrived damaged and customer support was unhelpful.,negative
"Delivery was on time, but the product is just fine.",neutral
"Neutral about this, could have been better.",neutral
Arrived damaged and customer support was unhelpful.,negative
"It's okay, nothing special about it.",neutral
Arrived damaged and customer support was unhelpful.,negative
"Terrible quality, broke after one use.",negative
Amazing service and a great value for the price.,positive
"It's okay, nothing special about it.",neutral
"Worst purchase ever, would not recommend.",negative
"Worst purchase ever, would not recommend.",negative
Highly recommend this product to everyone.,positive
Highly recommend this product to everyone.,positive
"The product does what it says, no more no less.",neutral
"Completely disappointed, not worth the money.",negative
"Worst purchase ever, would not recommend.",negative
"Terrible quality, broke after one use.",negative
"Very poor performance, expected much better.",negative
"Completely disappointed, not worth the money.",negative
Very satisfied with the quality and performance.,positive
Very satisfied with the quality and performance.,positive
Arrived damaged and customer support was unhelpful.,negative
Arrived damaged and customer support was unhelpful.,negative
Amazing service and a great value for the price.,positive
Arrived damaged and customer support was unhelpful.,negative
"Terrible quality, broke after one use.",negative
"Completely disappointed, not worth the money.",negative
Arrived damaged and customer support was unhelpful.,negative
Arrived damaged and customer support was unhelpful.,negative
"Delivery was on time, but the product is just fine.",neutral
"Worst purchase ever, would not recommend.",negative
"Delivery was on time, but the product is just fine.",neutral
Fast shipping and product works perfectly!,positive
Very satisfied with the quality and performance.,positive
"Terrible quality, broke after one use.",negative
"The product does what it says, no more no less.",neutral
"The product does what it says, no more no less.",neutral
Amazing service and a great value for the price.,positive
"Average experience, not bad but not great either.",neutral
Arrived damaged and customer support was unhelpful.,negative
"Terrible quality, broke after one use.",negative
Highly recommend this product to everyone.,positive
"Terrible quality, broke after one use.",negative
"It's okay, nothing special about it.",neutral
Amazing service and a great value for the price.,positive
"Neutral about this, could have been better.",neutral
Amazing service and a great value for the price.,positive
"Completely disappointed, not worth the money.",negative
"Completely disappointed, not worth the money.",negative
"Neutral about this, could have been better.",neutral
"Completely disappointed, not worth the money.",negative
Arrived damaged and customer support was unhelpful.,negative
Highly recommend this product to everyone.,positive
Very satisfied with the quality and performance.,positive
"Delivery was on time, but the product is just fine.",neutral
"Worst purchase ever, would not recommend.",negative
Fast shipping and product works perfectly!,positive
"Delivery was on time, but the product is just fine.",neutral
"Neutral about this, could have been better.",neutral
"It's okay, nothing special about it.",neutral
Arrived damaged and customer support was unhelpful.,negative
Very satisfied with the quality and performance.,positive
"Excellent product, exceeded my expectations!",positive
"The product does what it says, no more no less.",neutral
"Very poor performance, expected much better.",negative
"Average experience, not bad but not great either.",neutral
"It's okay, nothing special about it.",neutral
"Terrible quality, broke after one use.",negative
"It's okay, nothing special about it.",neutral
"Terrible quality, broke after one use.",negative
Amazing service and a great value for the price.,positive
Very satisfied with the quality and performance.,positive
Fast shipping and product works perfectly!,positive
"Very poor performance, expected much better.",negative
"Worst purchase ever, would not recommend.",negative
"Very poor performance, expected much better.",negative
Very satisfied with the quality and performance.,positive
"Very poor performance, expected much better.",negative
Arrived damaged and customer support was unhelpful.,negative
Very satisfied with the quality and performance.,positive
"Excellent product, exceeded my expectations!",positive
"Average experience, not bad but not great either.",neutral
"Neutral about this, could have been better.",neutral
Highly recommend this product to everyone.,positive
Arrived damaged and customer support was unhelpful.,negative
"Very poor performance, expected much better.",negative
"Average experience, not bad but not great either.",neutral
"Neutral about this, could have been better.",neutral
"Excellent product, exceeded my expectations!",positive
"Average experience, not bad but not great either.",neutral
"Terrible quality, broke after one use.",negative
"Excellent product, exceeded my expectations!",positive
"Excellent product, exceeded my expectations!",positive
"Delivery was on time, but the product is just fine.",neutral
Highly recommend this product to everyone.,positive
Amazing service and a great value for the price.,positive
"Very poor performance, expected much better.",negative
"Worst purchase ever, would not recommend.",negative
"Terrible quality, broke after one use.",negative
Amazing service and a great value for the price.,positive
"Excellent product, exceeded my expectations!",positive
"Worst purchase ever, would not recommend.",negative
Highly recommend this product to everyone.,positive
"Excellent product, exceeded my expectations!",positive
"Neutral about this, could have been better.",neutral
"Average experience, not bad but not great either.",neutral
Fast shipping and product works perfectly!,positive
"Neutral about this, could have been better.",neutral
"Completely disappointed, not worth the money.",negative
Amazing service and a great value for the price.,positive
"Delivery was on time, but the product is just fine.",neutral
Highly recommend this product to everyone.,positive
"It's okay, nothing special about it.",neutral
"The product does what it says, no more no less.",neutral
"The product does what it says, no more no less.",neutral
Highly recommend this product to everyone.,positive
"Neutral about this, could have been better.",neutral
"It's okay, nothing special about it.",neutral
"Excellent product, exceeded my expectations!",positive
"Delivery was on time, but the product is just fine.",neutral
"Completely disappointed, not worth the money.",negative
Amazing service and a great value for the price.,positive
Arrived damaged and customer support was unhelpful.,negative
"The product does what it says, no more no less.",neutral
Fast shipping and product works perfectly!,positive
"Terrible quality, broke after one use.",negative
"Neutral about this, could have been better.",neutral
"Very poor performance, expected much better.",negative
Fast shipping and product works perfectly!,positive
"Average experience, not bad but not great either.",neutral
"Delivery was on time, but the product is just fine.",neutral
Very satisfied with the quality and performance.,positive
"Completely disappointed, not worth the money.",negative
"Delivery was on time, but the product is just fine.",neutral
Arrived damaged and customer support was unhelpful.,negative
"The product does what it says, no more no less.",neutral
"Terrible quality, broke after one use.",negative
"Completely disappointed, not worth the money.",negative
"Worst purchase ever, would not recommend.",negative
"Worst purchase ever, would not recommend.",negative
"Very poor performance, expected much better.",negative
"Neutral about this, could have been better.",neutral
"Completely disappointed, not worth the money.",negative
"Delivery was on time, but the product is just fine.",neutral
"Completely disappointed, not worth the money.",negative
Highly recommend this product to everyone.,positive
"Average experience, not bad but not great either.",neutral
Amazing service and a great value for the price.,positive
"Neutral about this, could have been better.",neutral
"Very poor performance, expected much better.",negative
"Completely disappointed, not worth the money.",negative
Amazing service and a great value for the price.,positive
Amazing service and a great value for the price.,positive
"Average experience, not bad but not great either.",neutral
"The product does what it says, no more no less.",neutral
"The product does what it says, no more no less.",neutral
"Very poor performance, expected much better.",negative
Fast shipping and product works perfectly!,positive
"Worst purchase ever, would not recommend.",negative
"Worst purchase ever, would not recommend.",negative
Highly recommend this product to everyone.,positive
"Terrible quality, broke after one use.",negative
"Completely disappointed, not worth the money.",negative
"Delivery was on time, but the product is just fine.",neutral
"Excellent product, exceeded my expectations!",positive
"Delivery was on time, but the product is just fine.",neutral
Fast shipping and product works perfectly!,positive
"Delivery was on time, but the product is just fine.",neutral
"Neutral about this, could have been better.",neutral
"Average experience, not bad but not great either.",neutral
Amazing service and a great value for the price.,positive
Very satisfied with the quality and performance.,positive
Highly recommend this product to everyone.,positive
Very satisfied with the quality and performance.,positive
"Average experience, not bad but not great either.",neutral
"Very poor performance, expected much better.",negative
"Worst purchase ever, would not recommend.",negative
"It's okay, nothing special about it.",neutral
"Completely disappointed, not worth the money.",negative
"Terrible quality, broke after one use.",negative
"Neutral about this, could have been better.",neutral
"Average experience, not bad but not great either.",neutral
"It's okay, nothing special about it.",neutral
"Average experience, not bad but not great either.",neutral
"Neutral about this, could have been better.",neutral
Arrived damaged and customer support was unhelpful.,negative
"Neutral about this, could have been better.",neutral
"Very poor performance, expected much better.",negative
"Average experience, not bad but not great either.",neutral
Arrived damaged and customer support was unhelpful.,negative
"Completely disappointed, not worth the money.",negative
"Neutral about this, could have been better.",neutral
"Excellent product, exceeded my expectations!",positive
"It's okay, nothing special about it.",neutral
"It's okay, nothing special about it.",neutral
"Delivery was on time, but the product is just fine.",neutral
"Excellent product, exceeded my expectations!",positive
"Delivery was on time, but the product is just fine.",neutral
"It's okay, nothing special about it.",neutral
Arrived damaged and customer support was unhelpful.,negative
Highly recommend this product to everyone.,positive
"Neutral about this, could have been better.",neutral
"Delivery was on time, but the product is just fine.",neutral
Very satisfied with the quality and performance.,positive
"Neutral about this, could have been better.",neutral
Fast shipping and product works perfectly!,positive
"Worst purchase ever, would not recommend.",negative
Fast shipping and product works perfectly!,positive
"Delivery was on time, but the product is just fine.",neutral
"Average experience, not bad but not great either.",neutral
"Terrible quality, broke after one use.",negative
"Excellent product, exceeded my expectations!",positive
Fast shipping and product works perfectly!,positive
Fast shipping and product works perfectly!,positive
"Terrible quality, broke after one use.",negative
"Worst purchase ever, would not recommend.",negative
"The product does what it says, no more no less.",neutral
"Average experience, not bad but not great either.",neutral
"Very poor performance, expected much better.",negative
Amazing service and a great value for the price.,positive
"Delivery was on time, but the product is just fine.",neutral
"Average experience, not bad but not great either.",neutral
"The product does what it says, no more no less.",neutral
"Terrible quality, broke after one use.",negative
"Excellent product, exceeded my expectations!",positive
"Worst purchase ever, would not recommend.",negative
"The product does what it says, no more no less.",neutral
Fast shipping and product works perfectly!,positive
"Neutral about this, could have been better.",neutral
"It's okay, nothing special about it.",neutral
"The product does what it says, no more no less.",neutral
Arrived damaged and customer support was unhelpful.,negative
Highly recommend this product to everyone.,positive
"Completely disappointed, not worth the money.",negative
"Excellent product, exceeded my expectations!",positive
Highly recommend this product to everyone.,positive
Arrived damaged and customer support was unhelpful.,negative
Amazing service and a great value for the price.,positive
"Delivery was on time, but the product is just fine.",neutral
"Completely disappointed, not worth the money.",negative
"Neutral about this, could have been better.",neutral
Very satisfied with the quality and performance.,positive
"It's okay, nothing special about it.",neutral
"Terrible quality, broke after one use.",negative
Highly recommend this product to everyone.,positive
"It's okay, nothing special about it.",neutral
"Very poor performance, expected much better.",negative
Fast shipping and product works perfectly!,positive
"Very poor performance, expected much better.",negative
Very satisfied with the quality and performance.,positive
"It's okay, nothing special about it.",neutral
"It's okay, nothing special about it.",neutral
Highly recommend this product to everyone.,positive
"Worst purchase ever, would not recommend.",negative
Arrived damaged and customer support was unhelpful.,negative
"Excellent product, exceeded my expectations!",positive
Arrived damaged and customer support was unhelpful.,negative
"Worst purchase ever, would not recommend.",negative
Fast shipping and product works perfectly!,positive
Fast shipping and product works perfectly!,positive
"Excellent product, exceeded my expectations!",positive
"Very poor performance, expected much better.",negative
"Completely disappointed, not worth the money.",negative
Very satisfied with the quality and performance.,positive
"Worst purchase ever, would not recommend.",negative
"It's okay, nothing special about it.",neutral
Highly recommend this product to everyone.,positive
Very satisfied with the quality and performance.,positive
"Terrible quality, broke after one use.",negative
Highly recommend this product to everyone.,positive
"Delivery was on time, but the product is just fine.",neutral
Highly recommend this product to everyone.,positive
Fast shipping and product works perfectly!,positive
"Completely disappointed, not worth the money.",negative
"Neutral about this, could have been better.",neutral
"It's okay, nothing special about it.",neutral
Very satisfied with the quality and performance.,positive
Very satisfied with the quality and performance.,positive
"It's okay, nothing special about it.",neutral
"Worst purchase ever, would not recommend.",negative
"Average experience, not bad but not great either.",neutral
"Excellent product, exceeded my expectations!",positive
"Completely disappointed, not worth the money.",negative
"Very poor performance, expected much better.",negative
"Average experience, not bad but not great either.",neutral
"Completely disappointed, not worth the money.",negative
"Worst purchase ever, would not recommend.",negative
"Completely disappointed, not worth the money.",negative
"The product does what it says, no more no less.",neutral
"Neutral about this, could have been better.",neutral
Very satisfied with the quality and performance.,positive
"Delivery was on time, but the product is just fine.",neutral
Very satisfied with the quality and performance.,positive
"The product does what it says, no more no less.",neutral
"Average experience, not bad but not great either.",neutral
"Very poor performance, expected much better.",negative
"It's okay, nothing special about it.",neutral
Highly recommend this product to everyone.,positive
Very satisfied with the quality and performance.,positive
"Excellent product, exceeded my expectations!",positive
"It's okay, nothing special about it.",neutral
"It's okay, nothing special about it.",neutral
"Neutral about this, could have been better.",neutral
Fast shipping and product works perfectly!,positive
"Excellent product, exceeded my expectations!",positive
Arrived damaged and customer support was unhelpful.,negative
Very satisfied with the quality and performance.,positive
"Terrible quality, broke after one use.",negative
"Average experience, not bad but not great either.",neutral
"Neutral about this, could have been better.",neutral
"Completely disappointed, not worth the money.",negative
Very satisfied with the quality and performance.,positive
Highly recommend this product to everyone.,positive
Arrived damaged and customer support was unhelpful.,negative
"Terrible quality, broke after one use.",negative
Fast shipping and product works perfectly!,positive
"Excellent product, exceeded my expectations!",positive
"Terrible quality, broke after one use.",negative
"Very poor performance, expected much better.",negative
"It's okay, nothing special about it.",neutral
Very satisfied with the quality and performance.,positive
Fast shipping and product works perfectly!,positive
"Excellent product, exceeded my expectations!",positive
Highly recommend this product to everyone.,positive
"Very poor performance, expected much better.",negative
"Average experience, not bad but not great either.",neutral
"The product does what it says, no more no less.",neutral
Very satisfied with the quality and performance.,positive
Amazing service and a great value for the price.,positive
Amazing service and a great value for the price.,positive
Very satisfied with the quality and performance.,positive
"Terrible quality, broke after one use.",negative
Arrived damaged and customer support was unhelpful.,negative
"Terrible quality, broke after one use.",negative
"Completely disappointed, not worth the money.",negative
"Completely disappointed, not worth the money.",negative
"It's okay, nothing special about it.",neutral
Highly recommend this product to everyone.,positive
"Delivery was on time, but the product is just fine.",neutral
Highly recommend this product to everyone.,positive
Arrived damaged and customer support was unhelpful.,negative
Highly recommend this product to everyone.,positive
Fast shipping and product works perfectly!,positive
"Worst purchase ever, would not recommend.",negative
Fast shipping and product works perfectly!,positive
"Average experience, not bad but not great either.",neutral
Amazing service and a great value for the price.,positive
Highly recommend this product to everyone.,positive
"Worst purchase ever, would not recommend.",negative
Very satisfied with the quality and performance.,positive
"Terrible quality, broke after one use.",negative
Arrived damaged and customer support was unhelpful.,negative
"Excellent product, exceeded my expectations!",positive
Fast shipping and product works perfectly!,positive
"Neutral about this, could have been better.",neutral
"Neutral about this, could have been better.",neutral
"Delivery was on time, but the product is just fine.",neutral
"Excellent product, exceeded my expectations!",positive
"Terrible quality, broke after one use.",negative
"Very poor performance, expected much better.",negative
"Neutral about this, could have been better.",neutral
"The product does what it says, no more no less.",neutral
Highly recommend this product to everyone.,positive
"Completely disappointed, not worth the money.",negative
"Average experience, not bad but not great either.",neutral
Highly recommend this product to everyone.,positive
"Terrible quality, broke after one use.",negative
"Completely disappointed, not worth the money.",negative
Fast shipping and product works perfectly!,positive
"Completely disappointed, not worth the money.",negative
"Completely disappointed, not worth the money.",negative
Highly recommend this product to everyone.,positive
Fast shipping and product works perfectly!,positive
"Worst purchase ever, would not recommend.",negative
"Delivery was on time, but the product is just fine.",neutral
"Excellent product, exceeded my expectations!",positive
"Average experience, not bad but not great either.",neutral
"Neutral about this, could have been better.",neutral
Amazing service and a great value for the price.,positive
"Excellent product, exceeded my expectations!",positive
"The product does what it says, no more no less.",neutral
Arrived damaged and customer support was unhelpful.,negative
"The product does what it says, no more no less.",neutral
Amazing service and a great value for the price.,positive
"Terrible quality, broke after one use.",negative
"The product does what it says, no more no less.",neutral
"Average experience, not bad but not great either.",neutral
"Terrible quality, broke after one use.",negative
Highly recommend this product to everyone.,positive
"Completely disappointed, not worth the money.",negative
Amazing service and a great value for the price.,positive
"It's okay, nothing special about it.",neutral
Arrived damaged and customer support was unhelpful.,negative
Highly recommend this product to everyone.,positive
Fast shipping and product works perfectly!,positive
Very satisfied with the quality and performance.,positive
Amazing service and a great value for the price.,positive
"Completely disappointed, not worth the money.",negative
"Delivery was on time, but the product is just fine.",neutral
"The product does what it says, no more no less.",neutral
Fast shipping and product works perfectly!,positive
Arrived damaged and customer support was unhelpful.,negative
"Completely disappointed, not worth the money.",negative
Fast shipping and product works perfectly!,positive
"Neutral about this, could have been better.",neutral
Amazing service and a great value for the price.,positive
"Very poor performance, expected much better.",negative
Arrived damaged and customer support was unhelpful.,negative
"Worst purchase ever, would not recommend.",negative
"Average experience, not bad but not great either.",neutral
Highly recommend this product to everyone.,positive
"Average experience, not bad but not great either.",neutral
"Very poor performance, expected much better.",negative
Highly recommend this product to everyone.,positive
"Completely disappointed, not worth the money.",negative
"Very poor performance, expected much better.",negative
"The product does what it says, no more no less.",neutral
"Very poor performance, expected much better.",negative
"Completely disappointed, not worth the money.",negative
"Neutral about this, could have been better.",neutral
"Very poor performance, expected much better.",negative
"Worst purchase ever, would not recommend.",negative
"Very poor performance, expected much better.",negative
"The product does what it says, no more no less.",neutral
Very satisfied with the quality and performance.,positive
"Excellent product, exceeded my expectations!",positive
"Average experience, not bad but not great either.",neutral
"It's okay, nothing special about it.",neutral
"Terrible quality, broke after one use.",negative
Amazing service and a great value for the price.,positive
Amazing service and a great value for the price.,positive
Arrived damaged and customer support was unhelpful.,negative
"Excellent product, exceeded my expectations!",positive
Very satisfied with the quality and performance.,positive
"Average experience, not bad but not great either.",neutral
"Completely disappointed, not worth the money.",negative
"It's okay, nothing special about it.",neutral
"Average experience, not bad but not great either.",neutral
"Delivery was on time, but the product is just fine.",neutral
"Terrible quality, broke after one use.",negative
"Very poor performance, expected much better.",negative
Very satisfied with the quality and performance.,positive
"It's okay, nothing special about it.",neutral
Amazing service and a great value for the price.,positive
"Terrible quality, broke after one use.",negative
"Delivery was on time, but the product is just fine.",neutral
Amazing service and a great value for the price.,positive
Fast shipping and product works perfectly!,positive
Amazing service and a great value for the price.,positive
"Neutral about this, could have been better.",neutral
"Delivery was on time, but the product is just fine.",neutral
"Neutral about this, could have been better.",neutral
Amazing service and a great value for the price.,positive
"Excellent product, exceeded my expectations!",positive
Fast shipping and product works perfectly!,positive
"Average experience, not bad but not great either.",neutral
"Completely disappointed, not worth the money.",negative
"Very poor performance, expected much better.",negative
"Very poor performance, expected much better.",negative
"Excellent product, exceeded my expectations!",positive
"Worst purchase ever, would not recommend.",negative
Highly recommend this product to everyone.,positive
Fast shipping and product works perfectly!,positive
Highly recommend this product to everyone.,positive
"Completely disappointed, not worth the money.",negative
"Neutral about this, could have been better.",neutral
"Excellent product, exceeded my expectations!",positive
"Terrible quality, broke after one use.",negative
Very satisfied with the quality and performance.,positive
"Average experience, not bad but not great either.",neutral
"Neutral about this, could have been better.",neutral
"The product does what it says, no more no less.",neutral
"Excellent product, exceeded my expectations!",positive
"Very poor performance, expected much better.",negative
"Average experience, not bad but not great either.",neutral
"It's okay, nothing special about it.",neutral
Fast shipping and product works perfectly!,positive
"Neutral about this, could have been better.",neutral
"Terrible quality, broke after one use.",negative
"Average experience, not bad but not great either.",neutral
"Completely disappointed, not worth the money.",negative
"Delivery was on time, but the product is just fine.",neutral
"Excellent product, exceeded my expectations!",positive
"It's okay, nothing special about it.",neutral
"The product does what it says, no more no less.",neutral
"Very poor performance, expected much better.",negative
"Terrible quality, broke after one use.",negative
"Average experience, not bad but not great either.",neutral
"Excellent product, exceeded my expectations!",positive
"The product does what it says, no more no less.",neutral
Amazing service and a great value for the price.,positive
Highly recommend this product to everyone.,positive
"It's okay, nothing special about it.",neutral
Fast shipping and product works perfectly!,positive
Arrived damaged and customer support was unhelpful.,negative
"Terrible quality, broke after one use.",negative
"Very poor performance, expected much better.",negative
Arrived damaged and customer support was unhelpful.,negative
"Excellent product, exceeded my expectations!",positive
"Average experience, not bad but not great either.",neutral
Amazing service and a great value for the price.,positive
"Terrible quality, broke after one use.",negative
"Very poor performance, expected much better.",negative
Arrived damaged and customer support was unhelpful.,negative
"Delivery was on time, but the product is just fine.",neutral
Highly recommend this product to everyone.,positive
Amazing service and a great value for the price.,positive
"Average experience, not bad but not great either.",neutral
Very satisfied with the quality and performance.,positive
Highly recommend this product to everyone.,positive
Very satisfied with the quality and performance.,positive
Very satisfied with the quality and performance.,positive
"Excellent product, exceeded my expectations!",positive
"Excellent product, exceeded my expectations!",positive
"Worst purchase ever, would not recommend.",negative
"It's okay, nothing special about it.",neutral
Highly recommend this product to everyone.,positive
Fast shipping and product works perfectly!,positive
Arrived damaged and customer support was unhelpful.,negative
Arrived damaged and customer support was unhelpful.,negative
Very satisfied with the quality and performance.,positive
Arrived damaged and customer support was unhelpful.,negative
Very satisfied with the quality and performance.,positive
"The product does what it says, no more no less.",neutral
"Average experience, not bad but not great either.",neutral
"It's okay, nothing special about it.",neutral
"Neutral about this, could have been better.",neutral
"Completely disappointed, not worth the money.",negative
"Worst purchase ever, would not recommend.",negative
Very satisfied with the quality and performance.,positive
Fast shipping and product works perfectly!,positive
Highly recommend this product to everyone.,positive
"Delivery was on time, but the product is just fine.",neutral
"The product does what it says, no more no less.",neutral
Highly recommend this product to everyone.,positive
"Excellent product, exceeded my expectations!",positive
Arrived damaged and customer support was unhelpful.,negative
"It's okay, nothing special about it.",neutral
"Very poor performance, expected much better.",negative
Amazing service and a great value for the price.,positive
"Excellent product, exceeded my expectations!",positive
"Terrible quality, broke after one use.",negative
"Neutral about this, could have been better.",neutral
"Excellent product, exceeded my expectations!",positive
"Average experience, not bad but not great either.",neutral
"Excellent product, exceeded my expectations!",positive
"Neutral about this, could have been better.",neutral
"Terrible quality, broke after one use.",negative
Fast shipping and product works perfectly!,positive
"Terrible quality, broke after one use.",negative
Fast shipping and product works perfectly!,positive
"Worst purchase ever, would not recommend.",negative
"Very poor performance, expected much better.",negative
"It's okay, nothing special about it.",neutral
"The product does what it says, no more no less.",neutral
"It's okay, nothing special about it.",neutral
Very satisfied with the quality and performance.,positive
"Completely disappointed, not worth the money.",negative
"The product does what it says, no more no less.",neutral
Highly recommend this product to everyone.,positive
"Excellent product, exceeded my expectations!",positive
"The product does what it says, no more no less.",neutral
"The product does what it says, no more no less.",neutral
"The product does what it says, no more no less.",neutral
Amazing service and a great value for the price.,positive
Arrived damaged and customer support was unhelpful.,negative
"Worst purchase ever, would not recommend.",negative
"Excellent product, exceeded my expectations!",positive
Arrived damaged and customer support was unhelpful.,negative
"It's okay, nothing special about it.",neutral
"The product does what it says, no more no less.",neutral
Amazing service and a great value for the price.,positive
"The product does what it says, no more no less.",neutral
"Terrible quality, broke after one use.",negative
"Terrible quality, broke after one use.",negative
"Completely disappointed, not worth the money.",negative
Fast shipping and product works perfectly!,positive
"Terrible quality, broke after one use.",negative
"Very poor performance, expected much better.",negative
"Neutral about this, could have been better.",neutral
"Delivery was on time, but the product is just fine.",neutral
Arrived damaged and customer support was unhelpful.,negative
"The product does what it says, no more no less.",neutral
"Completely disappointed, not worth the money.",negative
"Excellent product, exceeded my expectations!",positive
"Completely disappointed, not worth the money.",negative
Amazing service and a great value for the price.,positive
"Terrible quality, broke after one use.",negative
"The product does what it says, no more no less.",neutral
"Very poor performance, expected much better.",negative
Fast shipping and product works perfectly!,positive
"Terrible quality, broke after one use.",negative
"Neutral about this, could have been better.",neutral
Fast shipping and product works perfectly!,positive
"Delivery was on time, but the product is just fine.",neutral
"Terrible quality, broke after one use.",negative
Fast shipping and product works perfectly!,positive
"Very poor performance, expected much better.",negative
"Neutral about this, could have been better.",neutral
"Average experience, not bad but not great either.",neutral
"Terrible quality, broke after one use.",negative
"The product does what it says, no more no less.",neutral
"Excellent product, exceeded my expectations!",positive
"The product does what it says, no more no less.",neutral
Very satisfied with the quality and performance.,positive
"Completely disappointed, not worth the money.",negative
Highly recommend this product to everyone.,positive
"Completely disappointed, not worth the money.",negative
"Average experience, not bad but not great either.",neutral
Very satisfied with the quality and performance.,positive
Amazing service and a great value for the price.,positive
Amazing service and a great value for the price.,positive
"Worst purchase ever, would not recommend.",negative
Arrived damaged and customer support was unhelpful.,negative
"Delivery was on time, but the product is just fine.",neutral
"Very poor performance, expected much better.",negative
"Excellent product, exceeded my expectations!",positive
Very satisfied with the quality and performance.,positive
"Terrible quality, broke after one use.",negative
"It's okay, nothing special about it.",neutral
"Excellent product, exceeded my expectations!",positive
Amazing service and a great value for the price.,positive
"Worst purchase ever, would not recommend.",negative
"Excellent product, exceeded my expectations!",positive
"Terrible quality, broke after one use.",negative
Very satisfied with the quality and performance.,positive
"The product does what it says, no more no less.",neutral
"Completely disappointed, not worth the money.",negative
"Neutral about this, could have been better.",neutral
"Excellent product, exceeded my expectations!",positive
"Terrible quality, broke after one use.",negative
"It's okay, nothing special about it.",neutral
"Very poor performance, expected much better.",negative
Amazing service and a great value for the price.,positive
"Worst purchase ever, would not recommend.",negative
"Very poor performance, expected much better.",negative
Amazing service and a great value for the price.,positive
"Excellent product, exceeded my expectations!",positive
"Completely disappointed, not worth the money.",negative
Very satisfied with the quality and performance.,positive
"Terrible quality, broke after one use.",negative
"Worst purchase ever, would not recommend.",negative
"Worst purchase ever, would not recommend.",negative
"Terrible quality, broke after one use.",negative
"Average experience, not bad but not great either.",neutral
"Completely disappointed, not worth the money.",negative
"Average experience, not bad but not great either.",neutral
Highly recommend this product to everyone.,positive
"Average experience, not bad but not great either.",neutral
"Terrible quality, broke after one use.",negative
"Worst purchase ever, would not recommend.",negative
Very satisfied with the quality and performance.,positive
"It's okay, nothing special about it.",neutral
Highly recommend this product to everyone.,positive
"Average experience, not bad but not great either.",neutral
Arrived damaged and customer support was unhelpful.,negative
Highly recommend this product to everyone.,positive
"Terrible quality, broke after one use.",negative
"Very poor performance, expected much better.",negative
Highly recommend this product to everyone.,positive
"The product does what it says, no more no less.",neutral
"Completely disappointed, not worth the money.",negative
"Terrible quality, broke after one use.",negative
Amazing service and a great value for the price.,positive
"Excellent product, exceeded my expectations!",positive
"Completely disappointed, not worth the money.",negative
"Terrible quality, broke after one use.",negative
Fast shipping and product works perfectly!,positive
"Average experience, not bad but not great either.",neutral
"Neutral about this, could have been better.",neutral
"Neutral about this, could have been better.",neutral
"Neutral about this, could have been better.",neutral
"The product does what it says, no more no less.",neutral
"The product does what it says, no more no less.",neutral
"Worst purchase ever, would not recommend.",negative
"Neutral about this, could have been better.",neutral
"Delivery was on time, but the product is just fine.",neutral
Very satisfied with the quality and performance.,positive
"Very poor performance, expected much better.",negative
"Neutral about this, could have been better.",neutral
Very satisfied with the quality and performance.,positive
Amazing service and a great value for the price.,positive
Fast shipping and product works perfectly!,positive
"Terrible quality, broke after one use.",negative
"Neutral about this, could have been better.",neutral
"Delivery was on time, but the product is just fine.",neutral
"It's okay, nothing special about it.",neutral
"Worst purchase ever, would not recommend.",negative
"Worst purchase ever, would not recommend.",negative
"Completely disappointed, not worth the money.",negative
Arrived damaged and customer support was unhelpful.,negative
"It's okay, nothing special about it.",neutral
"Excellent product, exceeded my expectations!",positive
"The product does what it says, no more no less.",neutral
"Terrible quality, broke after one use.",negative
Arrived damaged and customer support was unhelpful.,negative
"Excellent product, exceeded my expectations!",positive
"Worst purchase ever, would not recommend.",negative
"Neutral about this, could have been better.",neutral
"The product does what it says, no more no less.",neutral
Amazing service and a great value for the price.,positive
Highly recommend this product to everyone.,positive
"It's okay, nothing special about it.",neutral
"Worst purchase ever, would not recommend.",negative
"Worst purchase ever, would not recommend.",negative
"The product does what it says, no more no less.",neutral
Very satisfied with the quality and performance.,positive
"Very poor performance, expected much better.",negative
"The product does what it says, no more no less.",neutral
"Terrible quality, broke after one use.",negative
"Excellent product, exceeded my expectations!",positive
"Average experience, not bad but not great either.",neutral
Amazing service and a great value for the price.,positive
Arrived damaged and customer support was unhelpful.,negative
Fast shipping and product works perfectly!,positive
Very satisfied with the quality and performance.,positive
Fast shipping and product works perfectly!,positive
"Delivery was on time, but the product is just fine.",neutral
"Very poor performance, expected much better.",negative
"Worst purchase ever, would not recommend.",negative
"Completely disappointed, not worth the money.",negative
"Delivery was on time, but the product is just fine.",neutral
"Neutral about this, could have been better.",neutral
Amazing service and a great value for the price.,positive
"Very poor performance, expected much better.",negative
Amazing service and a great value for the price.,positive
"Delivery was on time, but the product is just fine.",neutral
Very satisfied with the quality and performance.,positive
Very satisfied with the quality and performance.,positive
"Excellent product, exceeded my expectations!",positive
"Excellent product, exceeded my expectations!",positive
"It's okay, nothing special about it.",neutral
Very satisfied with the quality and performance.,positive
"Excellent product, exceeded my expectations!",positive
Highly recommend this product to everyone.,positive
"Terrible quality, broke after one use.",negative
"Average experience, not bad but not great either.",neutral
Fast shipping and product works perfectly!,positive
"Excellent product, exceeded my expectations!",positive
"It's okay, nothing special about it.",neutral
"Delivery was on time, but the product is just fine.",neutral
"Worst purchase ever, would not recommend.",negative
Amazing service and a great value for the price.,positive
Amazing service and a great value for the price.,positive
"Delivery was on time, but the product is just fine.",neutral
Highly recommend this product to everyone.,positive
Fast shipping and product works perfectly!,positive
"It's okay, nothing special about it.",neutral
Fast shipping and product works perfectly!,positive
"Average experience, not bad but not great either.",neutral
"It's okay, nothing special about it.",neutral
"The product does what it says, no more no less.",neutral
"Neutral about this, could have been better.",neutral
"Worst purchase ever, would not recommend.",negative
Arrived damaged and customer support was unhelpful.,negative
Fast shipping and product works perfectly!,positive
Amazing service and a great value for the price.,positive
"It's okay, nothing special about it.",neutral
"Completely disappointed, not worth the money.",negative
Amazing service and a great value for the price.,positive
"Excellent product, exceeded my expectations!",positive
Highly recommend this product to everyone.,positive
"Average experience, not bad but not great either.",neutral
"Neutral about this, could have been better.",neutral
Arrived damaged and customer support was unhelpful.,negative
"Very poor performance, expected much better.",negative
Fast shipping and product works perfectly!,positive
"Very poor performance, expected much better.",negative
"Excellent product, exceeded my expectations!",positive
"Completely disappointed, not worth the money.",negative
"Average experience, not bad but not great either.",neutral
"Excellent product, exceeded my expectations!",positive
Fast shipping and product works perfectly!,positive
"Completely disappointed, not worth the money.",negative
Arrived damaged and customer support was unhelpful.,negative
"It's okay, nothing special about it.",neutral
"It's okay, nothing special about it.",neutral
"The product does what it says, no more no less.",neutral
Arrived damaged and customer support was unhelpful.,negative
"Worst purchase ever, would not recommend.",negative
"Terrible quality, broke after one use.",negative
"Very poor performance, expected much better.",negative
Amazing service and a great value for the price.,positive
"Neutral about this, could have been better.",neutral
Fast shipping and product works perfectly!,positive
"Average experience, not bad but not great either.",neutral
"Average experience, not bad but not great either.",neutral
Highly recommend this product to everyone.,positive
Fast shipping and product works perfectly!,positive
"Worst purchase ever, would not recommend.",negative
"It's okay, nothing special about it.",neutral
"The product does what it says, no more no less.",neutral
Highly recommend this product to everyone.,positive
"Completely disappointed, not worth the money.",negative
Highly recommend this product to everyone.,positive
"It's okay, nothing special about it.",neutral
"It's okay, nothing special about it.",neutral
Fast shipping and product works perfectly!,positive
"It's okay, nothing special about it.",neutral
"Very poor performance, expected much better.",negative
Arrived damaged and customer support was unhelpful.,negative
"It's okay, nothing special about it.",neutral
Arrived damaged and customer support was unhelpful.,negative
"Excellent product, exceeded my expectations!",positive
"The product does what it says, no more no less.",neutral
"Worst purchase ever, would not recommend.",negative
Very satisfied with the quality and performance.,positive
"Delivery was on time, but the product is just fine.",neutral
"Terrible quality, broke after one use.",negative
"The product does what it says, no more no less.",neutral
"Completely disappointed, not worth the money.",negative
Very satisfied with the quality and performance.,positive
"The product does what it says, no more no less.",neutral
"Average experience, not bad but not great either.",neutral
Amazing service and a great value for the price.,positive
"It's okay, nothing special about it.",neutral
"Terrible quality, broke after one use.",negative
"Delivery was on time, but the product is just fine.",neutral
Highly recommend this product to everyone.,positive
"Very poor performance, expected much better.",negative
"Neutral about this, could have been better.",neutral
"Worst purchase ever, would not recommend.",negative
"Worst purchase ever, would not recommend.",negative
"Terrible quality, broke after one use.",negative
"Neutral about this, could have been better.",neutral
"Average experience, not bad but not great either.",neutral
"Delivery was on time, but the product is just fine.",neutral
Amazing service and a great value for the price.,positive
"Very poor performance, expected much better.",negative
Fast shipping and product works perfectly!,positive
Amazing service and a great value for the price.,positive
Arrived damaged and customer support was unhelpful.,negative
"It's okay, nothing special about it.",neutral
"Worst purchase ever, would not recommend.",negative
"Completely disappointed, not worth the money.",negative
"Neutral about this, could have been better.",neutral
"Terrible quality, broke after one use.",negative
Amazing service and a great value for the price.,positive
"Delivery was on time, but the product is just fine.",neutral
"Completely disappointed, not worth the money.",negative
Very satisfied with the quality and performance.,positive
Highly recommend this product to everyone.,positive
"Terrible quality, broke after one use.",negative
"Excellent product, exceeded my expectations!",positive
"Very poor performance, expected much better.",negative
"Excellent product, exceeded my expectations!",positive
"Excellent product, exceeded my expectations!",positive
"Delivery was on time, but the product is just fine.",neutral
"Average experience, not bad but not great either.",neutral
Fast shipping and product works perfectly!,positive
Arrived damaged and customer support was unhelpful.,negative
"Average experience, not bad but not great either.",neutral
Highly recommend this product to everyone.,positive
Amazing service and a great value for the price.,positive
"Delivery was on time, but the product is just fine.",neutral
"Neutral about this, could have been better.",neutral
"Average experience, not bad but not great either.",neutral
Fast shipping and product works perfectly!,positive
"Average experience, not bad but not great either.",neutral
Arrived damaged and customer support was unhelpful.,negative
"Neutral about this, could have been better.",neutral
"Completely disappointed, not worth the money.",negative
"Worst purchase ever, would not recommend.",negative
"Average experience, not bad but not great either.",neutral
"It's okay, nothing special about it.",neutral
"Very poor performance, expected much better.",negative
"Delivery was on time, but the product is just fine.",neutral
"Terrible quality, broke after one use.",negative
"Worst purchase ever, would not recommend.",negative
"The product does what it says, no more no less.",neutral
"Delivery was on time, but the product is just fine.",neutral
Fast shipping and product works perfectly!,positive
Arrived damaged and customer support was unhelpful.,negative
"The product does what it says, no more no less.",neutral
Amazing service and a great value for the price.,positive
"Very poor performance, expected much better.",negative
"Average experience, not bad but not great either.",neutral
"Very poor performance, expected much better.",negative
Highly recommend this product to everyone.,positive
Amazing service and a great value for the price.,positive
"Completely disappointed, not worth the money.",negative
"Excellent product, exceeded my expectations!",positive
"Delivery was on time, but the product is just fine.",neutral
Very satisfied with the quality and performance.,positive
Highly recommend this product to everyone.,positive
Arrived damaged and customer support was unhelpful.,negative
"Neutral about this, could have been better.",neutral
"Neutral about this, could have been better.",neutral
"Neutral about this, could have been better.",neutral
"The product does what it says, no more no less.",neutral
"Neutral about this, could have been better.",neutral
"Delivery was on time, but the product is just fine.",neutral
"The product does what it says, no more no less.",neutral
"Delivery was on time, but the product is just fine.",neutral
"Terrible quality, broke after one use.",negative
Highly recommend this product to everyone.,positive
Highly recommend this product to everyone.,positive
Amazing service and a great value for the price.,positive
Amazing service and a great value for the price.,positive
"Completely disappointed, not worth the money.",negative
Arrived damaged and customer support was unhelpful.,negative
"Very poor performance, expected much better.",negative
"Excellent product, exceeded my expectations!",positive
Fast shipping and product works perfectly!,positive
"The product does what it says, no more no less.",neutral
Very satisfied with the quality and performance.,positive
Fast shipping and product works perfectly!,positive
"Delivery was on time, but the product is just fine.",neutral
Arrived damaged and customer support was unhelpful.,negative
"Average experience, not bad but not great either.",neutral
"It's okay, nothing special about it.",neutral
"Worst purchase ever, would not recommend.",negative
"Completely disappointed, not worth the money.",negative
Highly recommend this product to everyone.,positive
"Neutral about this, could have been better.",neutral
Very satisfied with the quality and performance.,positive
"Average experience, not bad but not great either.",neutral
"It's okay, nothing special about it.",neutral
Amazing service and a great value for the price.,positive
"Neutral about this, could have been better.",neutral
"The product does what it says, no more no less.",neutral
"Completely disappointed, not worth the money.",negative
Very satisfied with the quality and performance.,positive
"Average experience, not bad but not great either.",neutral
"Average experience, not bad but not great either.",neutral
"Delivery was on time, but the product is just fine.",neutral
"Very poor performance, expected much better.",negative
"Excellent product, exceeded my expectations!",positive
